{
    "context_recall": 0.5,
    "context_precision": 0.7129629629629632,
    "answer_accuracy": 66.11111111111111,
    "times": [
        [
            2.1336846351623535,
            0.15712404251098633,
            0.6433119773864746,
            9.661285161972046
        ],
        [
            2.5518617630004883,
            0.15686511993408203,
            0.570671796798706,
            6.102045297622681
        ],
        [
            7.011376619338989,
            0.14966034889221191,
            1.6794853210449219,
            8.358170986175537
        ],
        [
            1.8048148155212402,
            0.17804622650146484,
            2.3083677291870117,
            6.389330863952637
        ],
        [
            2.1827404499053955,
            0.16326189041137695,
            3.907822608947754,
            2.6012489795684814
        ],
        [
            1.7557203769683838,
            0.14242339134216309,
            2.3761613368988037,
            10.725454092025757
        ],
        [
            5.290931463241577,
            0.16841864585876465,
            2.9839582443237305,
            8.482990026473999
        ],
        [
            2.510652780532837,
            0.16722869873046875,
            1.6930413246154785,
            9.06545877456665
        ],
        [
            3.4546706676483154,
            0.14977407455444336,
            2.1435317993164062,
            6.660578727722168
        ],
        [
            2.9626364707946777,
            0.1715400218963623,
            0.8857936859130859,
            9.03465747833252
        ],
        [
            3.0742571353912354,
            0.17013120651245117,
            0.9558141231536865,
            15.090515375137329
        ],
        [
            2.8868536949157715,
            0.16299104690551758,
            1.6111786365509033,
            7.353076219558716
        ],
        [
            1.9698247909545898,
            0.15233159065246582,
            1.8896870613098145,
            12.905758619308472
        ],
        [
            2.804424285888672,
            0.17196869850158691,
            1.254202127456665,
            5.877856969833374
        ],
        [
            2.4350194931030273,
            0.16734576225280762,
            1.384035587310791,
            2.0050981044769287
        ],
        [
            4.177961349487305,
            0.16199302673339844,
            6.401737689971924,
            13.526904344558716
        ],
        [
            2.4117648601531982,
            0.17097830772399902,
            2.5211341381073,
            8.283491134643555
        ],
        [
            4.711116552352905,
            0.16963672637939453,
            1.2717382907867432,
            7.181034564971924
        ],
        [
            2.2354044914245605,
            0.169342041015625,
            1.7658624649047852,
            5.72785758972168
        ],
        [
            2.3096425533294678,
            0.1690223217010498,
            1.413210153579712,
            6.155214071273804
        ],
        [
            2.7325141429901123,
            0.17192316055297852,
            5.481539011001587,
            6.977771282196045
        ],
        [
            5.55328893661499,
            0.16187787055969238,
            1.0458436012268066,
            10.977158546447754
        ],
        [
            2.3765766620635986,
            0.17125844955444336,
            1.8034617900848389,
            5.455980539321899
        ],
        [
            2.6828694343566895,
            0.157944917678833,
            4.090385675430298,
            5.931999444961548
        ],
        [
            4.256914377212524,
            0.16141009330749512,
            3.210618495941162,
            19.604479789733887
        ],
        [
            7.234616994857788,
            0.17973947525024414,
            3.088578939437866,
            7.746542930603027
        ],
        [
            4.854992389678955,
            0.16293811798095703,
            4.517605543136597,
            11.983848810195923
        ],
        [
            2.882451295852661,
            0.15320229530334473,
            1.6755156517028809,
            10.056959629058838
        ],
        [
            6.020720720291138,
            0.17207694053649902,
            2.990238666534424,
            8.361399173736572
        ],
        [
            2.0018882751464844,
            0.1559898853302002,
            1.377340316772461,
            8.72812008857727
        ],
        [
            4.3781068325042725,
            0.15458440780639648,
            2.9561049938201904,
            7.117367744445801
        ],
        [
            2.200918197631836,
            0.1617283821105957,
            1.1193068027496338,
            11.447403192520142
        ],
        [
            2.4572019577026367,
            0.1735379695892334,
            0.8736376762390137,
            8.277567386627197
        ],
        [
            1.853809118270874,
            0.14551496505737305,
            0.9746818542480469,
            9.953980922698975
        ],
        [
            2.0562639236450195,
            0.13867759704589844,
            0.7294814586639404,
            9.29779601097107
        ],
        [
            2.4267385005950928,
            0.15185332298278809,
            0.7171211242675781,
            4.148321628570557
        ]
    ]
}