{
  "context_recall": 0.7653947368421053,
  "context_precision": 0.630769230769231,
  "answer_accuracy": 65.57692307692308,
  "times": [
    [
      2.337980270385742, 0.15492677688598633, 0.7504904270172119,
      12.840683460235596
    ],
    [
      1.8298559188842773, 0.15928006172180176, 0.5107059478759766,
      5.886431694030762
    ],
    [
      1.6965224742889404, 0.1892249584197998, 0.7773563861846924,
      6.757643938064575
    ],
    [
      1.963698387145996, 0.1968364715576172, 0.7070822715759277,
      3.481351852416992
    ],
    [
      1.8104040622711182, 0.17612838745117188, 0.6235506534576416,
      1.389723777770996
    ],
    [
      1.7853868007659912, 0.19243121147155762, 0.7865355014801025,
      9.246570110321045
    ],
    [
      2.228017807006836, 0.22106432914733887, 0.7259609699249268,
      3.5850465297698975
    ],
    [
      2.228818893432617, 0.21681785583496094, 0.8646173477172852,
      5.462313652038574
    ],
    [
      2.1306421756744385, 0.23201704025268555, 0.7328135967254639,
      8.270811319351196
    ],
    [
      1.6134467124938965, 0.21915984153747559, 0.44181036949157715,
      5.301976442337036
    ],
    [
      1.6725523471832275, 0.1758120059967041, 0.6260137557983398,
      8.123791933059692
    ],
    [
      1.6682684421539307, 0.18245863914489746, 0.646552562713623,
      9.215398073196411
    ],
    [
      1.7928428649902344, 0.18755149841308594, 5.589188575744629,
      5.742891073226929
    ],
    [
      1.8833222389221191, 0.1588454246520996, 0.6162819862365723,
      6.14454984664917
    ],
    [
      1.8884732723236084, 0.18338966369628906, 0.7987706661224365,
      10.853099346160889
    ],
    [
      2.4262781143188477, 0.18530488014221191, 0.9745488166809082,
      7.711806535720825
    ],
    [
      1.5746865272521973, 0.15502619743347168, 0.7636144161224365,
      9.471382856369019
    ],
    [
      2.558047294616699, 0.1872248649597168, 0.4536123275756836,
      8.802195072174072
    ],
    [
      2.154998779296875, 0.1842670440673828, 0.47908973693847656,
      10.521595239639282
    ],
    [
      6.599388360977173, 0.17304301261901855, 0.725243330001831,
      8.486201047897339
    ],
    [
      6.869611501693726, 0.1811974048614502, 0.6822333335876465,
      4.197936534881592
    ],
    [
      1.8995780944824219, 0.1766529083251953, 0.6253952980041504,
      8.881057024002075
    ],
    [
      2.0937538146972656, 0.15794754028320312, 0.5578258037567139,
      6.206501245498657
    ],
    [
      2.287137746810913, 0.17514705657958984, 0.8193223476409912,
      10.956336498260498
    ],
    [
      1.9248440265655518, 0.1894242763519287, 0.958981990814209,
      7.675089359283447
    ],
    [
      1.953373908996582, 0.16373991966247559, 0.7056257724761963,
      5.030742168426514
    ]
  ]
}
