{
  "context_recall": 0.7578947368421053,
  "context_precision": 0.6578947368421053,
  "answer_accuracy": 72.78947368421052,
  "times": [
    [
      2.1888163089752197, 0.15990138053894043, 0.5433530807495117,
      7.751910924911499
    ],
    [
      2.096210241317749, 0.15870904922485352, 0.6957187652587891,
      5.836699485778809
    ],
    [
      1.676438570022583, 0.20843148231506348, 0.7399330139160156,
      9.972557544708252
    ],
    [
      1.6765811443328857, 0.1897273063659668, 0.5919210910797119,
      4.2636401653289795
    ],
    [
      1.6195001602172852, 0.17763209342956543, 0.969390869140625,
      1.4616351127624512
    ],
    [
      1.678422451019287, 0.1833324432373047, 0.31591320037841797,
      9.859354734420776
    ],
    [
      2.3655858039855957, 0.19689345359802246, 0.6444973945617676,
      6.325725317001343
    ],
    [
      2.289114475250244, 0.17287802696228027, 0.7042138576507568,
      7.978368520736694
    ],
    [
      1.8907394409179688, 0.18687129020690918, 1.1005311012268066,
      9.604711055755615
    ],
    [
      1.8810551166534424, 0.19172263145446777, 0.8819196224212646,
      5.21016526222229
    ],
    [
      2.1145126819610596, 0.22809815406799316, 0.43362951278686523,
      7.388912916183472
    ],
    [
      6.8282105922698975, 0.2179560661315918, 0.748729944229126,
      9.183398962020874
    ],
    [
      1.7445409297943115, 0.22835588455200195, 0.7782304286956787,
      6.857524633407593
    ],
    [
      2.1003425121307373, 0.16256237030029297, 0.6046881675720215,
      5.494276762008667
    ],
    [
      2.0187489986419678, 0.21672344207763672, 0.7110793590545654,
      7.901299476623535
    ],
    [
      2.279453992843628, 0.24098920822143555, 0.8589737415313721,
      7.622609376907349
    ],
    [
      1.7659235000610352, 0.14633536338806152, 0.8533675670623779,
      10.96565055847168
    ],
    [
      1.9683620929718018, 0.22576308250427246, 0.8725628852844238,
      8.253810405731201
    ],
    [
      1.8242180347442627, 0.17168402671813965, 0.6287453174591064,
      8.31187391281128
    ]
  ]
}
